,ticker,announcement_date,trade_date,nav,nav_ret,ret,price,days_from_event,cum_ret
154,ARCC,2016-02-24,2016-02-22,16.46,-0.01965455628350199,0.006275,12.83,-2,0.0062750000000000306
155,ARCC,2016-02-24,2016-02-23,16.46,-0.01965455628350199,0.007015,12.92,-1,0.013334019124999985
156,ARCC,2016-02-24,2016-02-24,16.46,-0.01965455628350199,0.0,12.92,0,0.013334019124999985
157,ARCC,2016-02-24,2016-02-25,16.46,-0.01965455628350199,0.036378,13.39,1,0.05019708407272927
158,ARCC,2016-02-24,2016-02-26,16.46,-0.01965455628350199,0.008962,13.51,2,0.05960895034018887
149,ARCC,2016-05-04,2016-05-02,16.5,0.002430133657351119,-0.000658,15.18,-2,-0.0006580000000000474
150,ARCC,2016-05-04,2016-05-03,16.5,0.002430133657351119,-0.006588,15.08,-1,-0.007241665096000105
151,ARCC,2016-05-04,2016-05-04,16.5,0.002430133657351119,0.011936,15.26,0,0.004607898389414
152,ARCC,2016-05-04,2016-05-05,16.5,0.002430133657351119,-0.01114,15.09,1,-0.006583433598644106
153,ARCC,2016-05-04,2016-05-06,16.5,0.002430133657351119,0.005302,15.17,2,-0.001316338963584185
144,ARCC,2016-08-03,2016-08-01,16.58,0.004848484848484658,0.009908,15.29,-2,0.009908000000000028
145,ARCC,2016-08-03,2016-08-02,16.58,0.004848484848484658,-0.011118,15.12,-1,-0.0013201571439999116
146,ARCC,2016-08-03,2016-08-03,16.58,0.004848484848484658,0.017857,15.39,0,0.01651326880987969
147,ARCC,2016-08-03,2016-08-04,16.58,0.004848484848484658,0.009747,15.54,1,0.02642122364096955
148,ARCC,2016-08-03,2016-08-05,16.58,0.004848484848484658,-0.005148,15.46,2,0.021137207181665785
139,ARCC,2016-11-02,2016-10-31,16.59,0.0006031363088059294,-0.011628,15.3,-2,-0.011627999999999972
140,ARCC,2016-11-02,2016-11-01,16.59,0.0006031363088059294,-0.00915,15.16,-1,-0.020671603799999994
141,ARCC,2016-11-02,2016-11-02,16.59,0.0006031363088059294,0.004617,15.23,0,-0.01615004459474445
142,ARCC,2016-11-02,2016-11-03,16.59,0.0006031363088059294,-0.000657,15.22,1,-0.016796434015445727
143,ARCC,2016-11-02,2016-11-04,16.59,0.0006031363088059294,0.003285,15.27,2,-0.013566610301186444
135,ARCC,2017-02-22,2017-02-21,16.45,-0.008438818565400852,0.002265,17.7,-1,0.0022649999999999615
136,ARCC,2017-02-22,2017-02-22,16.45,-0.008438818565400852,0.002825,17.75,0,0.005096398625000109
137,ARCC,2017-02-22,2017-02-23,16.45,-0.008438818565400852,0.00169,17.78,1,0.006795011538676343
138,ARCC,2017-02-22,2017-02-24,16.45,-0.008438818565400852,0.000562,17.79,2,0.007360830335161106
130,ARCC,2017-05-03,2017-05-01,16.53,0.004863221884498614,-0.003409,17.54,-2,-0.0034089999999999954
131,ARCC,2017-05-03,2017-05-02,16.53,0.004863221884498614,-0.00057,17.53,-1,-0.00397705686999994
132,ARCC,2017-05-03,2017-05-03,16.53,0.004863221884498614,-0.042213,16.79,0,-0.046022173368346686
133,ARCC,2017-05-03,2017-05-04,16.53,0.004863221884498614,-0.006552,16.68,1,-0.05227263608843724
134,ARCC,2017-05-03,2017-05-05,16.53,0.004863221884498614,-0.003597,16.62,2,-0.055681611416427135
125,ARCC,2017-08-02,2017-07-31,16.54,0.000604960677555777,-0.001827,16.39,-2,-0.001827000000000023
126,ARCC,2017-08-02,2017-08-01,16.54,0.000604960677555777,0.00122,16.41,-1,-0.0006092289400000395
127,ARCC,2017-08-02,2017-08-02,16.54,0.000604960677555777,0.002438,16.45,0,0.001827285759844255
128,ARCC,2017-08-02,2017-08-03,16.54,0.000604960677555777,-0.00304,16.4,1,-0.001218269188865695
129,ARCC,2017-08-02,2017-08-04,16.54,0.000604960677555777,0.001829,16.43,2,0.0006085025967879076
120,ARCC,2017-11-02,2017-10-30,16.49,-0.0030229746070133956,-0.007385,16.13,-3,-0.007384999999999975
121,ARCC,2017-11-02,2017-10-31,16.49,-0.0030229746070133956,-0.0031,16.08,-2,-0.010462106500000012
122,ARCC,2017-11-02,2017-11-01,16.49,-0.0030229746070133956,-0.002488,16.04,-1,-0.01292407677902807
123,ARCC,2017-11-02,2017-11-02,16.49,-0.0030229746070133956,-0.011845,15.85,0,-0.024615991089580458
124,ARCC,2017-11-02,2017-11-03,16.49,-0.0030229746070133956,0.008833,15.99,1,-0.01600042413887459
115,ARCC,2018-02-13,2018-02-12,16.65,0.009702850212249814,0.007762,15.58,-1,0.007762000000000047
116,ARCC,2018-02-13,2018-02-13,16.65,0.009702850212249814,0.021181,15.91,0,0.029107406921999868
117,ARCC,2018-02-13,2018-02-14,16.65,0.009702850212249814,0.010685,16.08,1,0.04010341956496144
118,ARCC,2018-02-13,2018-02-15,16.65,0.009702850212249814,-0.011194,15.9,2,0.028460501886351297
119,ARCC,2018-02-13,2018-02-16,16.65,0.009702850212249814,0.005031,15.98,3,0.03363468667134151
110,ARCC,2018-05-02,2018-04-30,16.96,0.0186186186186188,0.000624,16.04,-2,0.0006239999999999579
111,ARCC,2018-05-02,2018-05-01,16.96,0.0186186186186188,-0.001247,16.02,-1,-0.0006237781280000743
112,ARCC,2018-05-02,2018-05-02,16.96,0.0186186186186188,0.003745,16.08,0,0.0031188858229107552
113,ARCC,2018-05-02,2018-05-03,16.96,0.0186186186186188,0.009328,16.23,1,0.012475978789866948
114,ARCC,2018-05-02,2018-05-04,16.96,0.0186186186186188,0.004929,16.31,2,0.017466472889322127
105,ARCC,2018-08-01,2018-07-30,17.05,0.005306603773584939,-0.003563,16.78,-2,-0.003562999999999983
106,ARCC,2018-08-01,2018-07-31,17.05,0.005306603773584939,0.004172,16.85,-1,0.0005941351639999759
107,ARCC,2018-08-01,2018-08-01,17.05,0.005306603773584939,0.020772,17.2,0,0.021378476539626545
108,ARCC,2018-08-01,2018-08-02,17.05,0.005306603773584939,0.002326,17.24,1,0.023754202876057784
109,ARCC,2018-08-01,2018-08-03,17.05,0.005306603773584939,0.0029,17.29,2,0.026723090064398214
100,ARCC,2018-10-31,2018-10-29,17.16,0.006451612903225712,0.009305,16.27,-2,0.009304999999999897
101,ARCC,2018-10-31,2018-10-30,17.16,0.006451612903225712,0.0,16.27,-1,0.009304999999999897
102,ARCC,2018-10-31,2018-10-31,17.16,0.006451612903225712,0.054702,17.16,0,0.06451600210999997
103,ARCC,2018-10-31,2018-11-01,17.16,0.006451612903225712,0.004662,17.24,1,0.0694787757118367
104,ARCC,2018-10-31,2018-11-02,17.16,0.006451612903225712,-0.00522,17.15,2,0.06389609650262096
95,ARCC,2019-02-12,2019-02-11,17.12,-0.002331002331002252,0.003628,16.6,-1,0.0036279999999999646
96,ARCC,2019-02-12,2019-02-12,17.12,-0.002331002331002252,0.028313,17.07,0,0.032043719563999984
97,ARCC,2019-02-12,2019-02-13,17.12,-0.002331002331002252,0.000586,17.08,1,0.03264849718366447
98,ARCC,2019-02-12,2019-02-14,17.12,-0.002331002331002252,0.004098,17.15,2,0.03688029072512311
99,ARCC,2019-02-12,2019-02-15,17.12,-0.002331002331002252,0.000583,17.16,3,0.03748479193461596
90,ARCC,2019-04-30,2019-04-29,17.21,0.005257009345794428,0.004548,17.67,-1,0.0045479999999999965
91,ARCC,2019-04-30,2019-04-30,17.21,0.005257009345794428,0.018676,18.0,0,0.02330893844799986
92,ARCC,2019-04-30,2019-05-01,17.21,0.005257009345794428,-0.016667,17.7,1,0.006253448370887149
93,ARCC,2019-04-30,2019-05-02,17.21,0.005257009345794428,-0.00226,17.66,2,0.00397931557756892
94,ARCC,2019-04-30,2019-05-03,17.21,0.005257009345794428,0.00453,17.74,3,0.00852734187713522
85,ARCC,2019-07-30,2019-07-29,17.27,0.0034863451481697005,0.000549,18.22,-1,0.0005489999999999107
86,ARCC,2019-07-30,2019-07-30,17.27,0.0034863451481697005,0.026345,18.7,0,0.02690846340499986
87,ARCC,2019-07-30,2019-07-31,17.27,0.0034863451481697005,-0.006952,18.57,1,0.019769395767408326
88,ARCC,2019-07-30,2019-08-01,17.27,0.0034863451481697005,-0.013463,18.32,2,0.006040240392191754
89,ARCC,2019-07-30,2019-08-02,17.27,0.0034863451481697005,0.00655,18.44,3,0.012629803966760722
80,ARCC,2019-10-30,2019-10-28,17.26,-0.0005790387955991738,0.004897,18.47,-2,0.004896999999999929
81,ARCC,2019-10-30,2019-10-29,17.26,-0.0005790387955991738,0.003249,18.53,-1,0.008161910352999957
82,ARCC,2019-10-30,2019-10-30,17.26,-0.0005790387955991738,0.0,18.53,0,0.008161910352999957
83,ARCC,2019-10-30,2019-10-31,17.26,-0.0005790387955991738,-0.012412,18.3,1,-0.004351395278301418
84,ARCC,2019-10-30,2019-11-01,17.26,-0.0005790387955991738,0.010929,18.5,2,0.006530048322701987
75,ARCC,2020-02-12,2020-02-10,17.32,0.0034762456546928444,-0.00156,19.2,-2,-0.0015600000000000058
76,ARCC,2020-02-12,2020-02-11,17.32,0.0034762456546928444,0.000521,19.21,-1,-0.0010398127599999807
77,ARCC,2020-02-12,2020-02-12,17.32,0.0034762456546928444,-0.011452,18.99,0,-0.012479904824272525
78,ARCC,2020-02-12,2020-02-13,17.32,0.0034762456546928444,0.009479,19.17,1,-0.003119201842101793
79,ARCC,2020-02-12,2020-02-14,17.32,0.0034762456546928444,-0.007825,19.02,2,-0.010919794087687285
70,ARCC,2020-05-05,2020-05-04,15.58,-0.10046189376443415,0.002019,12.41,-1,0.002018999999999993
71,ARCC,2020-05-05,2020-05-05,15.58,-0.10046189376443415,0.023368,12.7,0,0.02543417999200015
72,ARCC,2020-05-05,2020-05-06,15.58,-0.10046189376443415,0.03937,13.2,1,0.06580552365828507
73,ARCC,2020-05-05,2020-05-07,15.58,-0.10046189376443415,0.00303,13.24,2,0.06903491439496978
74,ARCC,2020-05-05,2020-05-08,15.58,-0.10046189376443415,0.024925,13.57,3,0.09568060963626457
65,ARCC,2020-08-04,2020-08-03,15.83,0.016046213093709794,0.023404,14.43,-1,0.02340399999999998
66,ARCC,2020-08-04,2020-08-04,15.83,0.016046213093709794,0.008316,14.55,0,0.031914627663999884
67,ARCC,2020-08-04,2020-08-05,15.83,0.016046213093709794,0.015808,14.78,1,0.04822713409811241
68,ARCC,2020-08-04,2020-08-06,15.83,0.016046213093709794,-0.014885,14.56,2,0.03262427320706207
69,ARCC,2020-08-04,2020-08-07,15.83,0.016046213093709794,0.021291,14.87,3,0.0546098766079135
60,ARCC,2020-10-27,2020-10-26,16.48,0.04106127605811749,-0.002137,14.01,-1,-0.0021370000000000555
61,ARCC,2020-10-27,2020-10-27,16.48,0.04106127605811749,0.014632,14.215,0,0.012463731415999879
62,ARCC,2020-10-27,2020-10-28,16.48,0.04106127605811749,-0.02216,13.9,1,-0.009972464872178621
63,ARCC,2020-10-27,2020-10-29,16.48,0.04106127605811749,0.001439,13.92,2,-0.008547815249129731
64,ARCC,2020-10-27,2020-10-30,16.48,0.04106127605811749,-0.006466,13.83,3,-0.014958545075728802
55,ARCC,2021-02-10,2021-02-08,16.97,0.029733009708737823,0.004422,18.17,-2,0.004421999999999926
56,ARCC,2021-02-10,2021-02-09,16.97,0.029733009708737823,-0.008255,18.02,-1,-0.003869503610000047
57,ARCC,2021-02-10,2021-02-10,16.97,0.029733009708737823,0.026637,18.5,0,0.0226644244223404
58,ARCC,2021-02-10,2021-02-11,16.97,0.029733009708737823,-0.037838,17.8,1,-0.016031152068952115
59,ARCC,2021-02-10,2021-02-12,16.97,0.029733009708737823,0.007865,17.94,2,-0.008292237079974396
50,ARCC,2021-04-27,2021-04-26,17.45,0.02828520919269306,-0.003579,19.49,-1,-0.003578999999999999
51,ARCC,2021-04-27,2021-04-27,17.45,0.02828520919269306,0.005644,19.6,0,0.002044800123999879
52,ARCC,2021-04-27,2021-04-28,17.45,0.02828520919269306,-0.011735,19.37,1,-0.009714195605455278
53,ARCC,2021-04-27,2021-04-29,17.45,0.02828520919269306,0.01239,19.61,2,0.0025554455109930707
54,ARCC,2021-04-27,2021-04-30,17.45,0.02828520919269306,-0.018358,19.25,3,-0.015849467357697766
45,ARCC,2021-07-27,2021-07-26,18.12,0.03839541547277947,0.00401,20.03,-1,0.004010000000000069
46,ARCC,2021-07-27,2021-07-27,18.12,0.03839541547277947,0.004493,20.12,0,0.00852101693000007
47,ARCC,2021-07-27,2021-07-28,18.12,0.03839541547277947,0.012922,20.38,1,0.02155312551076971
48,ARCC,2021-07-27,2021-07-29,18.12,0.03839541547277947,-0.026006,19.85,2,-0.005013385071263365
49,ARCC,2021-07-27,2021-07-30,18.12,0.03839541547277947,0.006045,19.97,3,0.0010013090159808335
40,ARCC,2021-10-26,2021-10-25,18.52,0.02207505518763786,0.001881,21.3,-1,0.0018810000000000215
41,ARCC,2021-10-26,2021-10-26,18.52,0.02207505518763786,0.004225,21.39,0,0.006113947225000027
42,ARCC,2021-10-26,2021-10-27,18.52,0.02207505518763786,0.007948,21.56,1,0.014110540877544375
43,ARCC,2021-10-26,2021-10-28,18.52,0.02207505518763786,0.006494,21.7,2,0.02069617473000318
44,ARCC,2021-10-26,2021-10-29,18.52,0.02207505518763786,-0.011982,21.44,3,0.008466193164388125
35,ARCC,2022-02-09,2022-02-07,18.96,0.023758099352051865,0.016253,22.51,-2,0.016253000000000073
36,ARCC,2022-02-09,2022-02-08,18.96,0.023758099352051865,0.00311,22.58,-1,0.019413546830000072
37,ARCC,2022-02-09,2022-02-09,18.96,0.023758099352051865,-0.011515,22.32,0,0.007674999838252594
38,ARCC,2022-02-09,2022-02-10,18.96,0.023758099352051865,-0.009857,22.1,1,-0.0022576526351530957
39,ARCC,2022-02-09,2022-02-11,18.96,0.023758099352051865,-0.011765,21.84,2,-0.013996091351900497
30,ARCC,2022-04-26,2022-04-25,19.03,0.003691983122362963,-0.005044,21.7,-1,-0.0050440000000000484
31,ARCC,2022-04-26,2022-04-26,19.03,0.003691983122362963,-0.087558,19.8,0,-0.09216035744800011
32,ARCC,2022-04-26,2022-04-27,19.03,0.003691983122362963,0.050505,20.8,1,-0.0463099163009113
33,ARCC,2022-04-26,2022-04-28,19.03,0.003691983122362963,0.007692,20.96,2,-0.03897413217709789
34,ARCC,2022-04-26,2022-04-29,19.03,0.003691983122362963,-0.03292,20.27,3,-0.0706111037458278
25,ARCC,2022-07-26,2022-07-25,18.81,-0.011560693641618602,-0.007231,19.22,-1,-0.0072309999999999874
26,ARCC,2022-07-26,2022-07-26,18.81,-0.011560693641618602,0.01717,19.55,0,0.009814843729999856
27,ARCC,2022-07-26,2022-07-27,18.81,-0.011560693641618602,0.009719,19.74,1,0.019629234196211653
28,ARCC,2022-07-26,2022-07-28,18.81,-0.011560693641618602,0.018744,20.11,2,0.03874116456198551
29,ARCC,2022-07-26,2022-07-29,18.81,-0.011560693641618602,-0.035803,19.39,3,0.0015511146471727244
20,ARCC,2022-10-25,2022-10-24,18.56,-0.01329080276448702,0.020202,18.18,-1,0.020202000000000053
21,ARCC,2022-10-25,2022-10-25,18.56,-0.01329080276448702,0.047855,19.05,0,0.06902376670999999
22,ARCC,2022-10-25,2022-10-26,18.56,-0.01329080276448702,0.016273,19.36,1,0.08641999046567173
23,ARCC,2022-10-25,2022-10-27,18.56,-0.01329080276448702,0.011364,19.58,2,0.09876606723732362
24,ARCC,2022-10-25,2022-10-28,18.56,-0.01329080276448702,0.001021,19.6,3,0.09988790739197295
15,ARCC,2023-02-07,2023-02-06,18.4,-0.008620689655172376,-0.004571,19.6,-1,-0.004570999999999992
16,ARCC,2023-02-07,2023-02-07,18.4,-0.008620689655172376,0.022449,20.04,0,0.017775385620999895
17,ARCC,2023-02-07,2023-02-08,18.4,-0.008620689655172376,-0.004491,19.95,1,0.013204556364176057
18,ARCC,2023-02-07,2023-02-09,18.4,-0.008620689655172376,-0.006516,19.82,2,0.0066025154749072
19,ARCC,2023-02-07,2023-02-10,18.4,-0.008620689655172376,-0.004036,19.74,3,0.0025398677224504063
10,ARCC,2023-04-25,2023-04-24,18.45,0.0027173913043478937,0.014286,18.46,-1,0.014286000000000021
11,ARCC,2023-04-25,2023-04-25,18.45,0.0027173913043478937,-0.018418,18.12,0,-0.004395119547999982
12,ARCC,2023-04-25,2023-04-26,18.45,0.0027173913043478937,-0.017108,17.81,1,-0.02142792784277281
13,ARCC,2023-04-25,2023-04-27,18.45,0.0027173913043478937,0.028636,18.32,2,0.006594462015521607
14,ARCC,2023-04-25,2023-04-28,18.45,0.0027173913043478937,0.008734,18.48,3,0.015386058046765294
5,ARCC,2023-07-25,2023-07-24,18.58,0.00704607046070449,0.005123,19.62,-1,0.005122999999999989
6,ARCC,2023-07-25,2023-07-25,18.58,0.00704607046070449,-0.010703,19.41,0,-0.005634831469000012
7,ARCC,2023-07-25,2023-07-26,18.58,0.00704607046070449,0.020608,19.81,1,0.014857045924086876
8,ARCC,2023-07-25,2023-07-27,18.58,0.00704607046070449,-0.003029,19.75,2,0.011783043931982817
9,ARCC,2023-07-25,2023-07-28,18.58,0.00704607046070449,-0.010127,19.55,3,0.0015367170460836022
0,ARCC,2023-10-24,2023-10-23,18.99,0.022066738428417665,0.001064,18.81,-1,0.0010639999999999539
1,ARCC,2023-10-24,2023-10-24,18.99,0.022066738428417665,0.009569,18.99,0,0.010643181415999958
2,ARCC,2023-10-24,2023-10-25,18.99,0.022066738428417665,-0.004739,18.9,1,0.0058537433792695825
3,ARCC,2023-10-24,2023-10-26,18.99,0.022066738428417665,-0.000529,18.89,2,0.005321646749022024
4,ARCC,2023-10-24,2023-10-27,18.99,0.022066738428417665,-0.012176,18.66,3,-0.006919149621794074
174,ARCC,2024-02-07,2024-02-05,19.24,0.01316482359136395,-0.009916,19.97,-2,-0.009916000000000036
175,ARCC,2024-02-07,2024-02-06,19.24,0.01316482359136395,-0.001502,19.94,-1,-0.011403106167999999
176,ARCC,2024-02-07,2024-02-07,19.24,0.01316482359136395,0.012538,20.19,0,0.0009919216868654601
177,ARCC,2024-02-07,2024-02-08,19.24,0.01316482359136395,-0.008915,20.01,1,-0.007931921294972999
178,ARCC,2024-02-07,2024-02-09,19.24,0.01316482359136395,0.002998,20.07,2,-0.004957701195015263
169,ARCC,2024-05-01,2024-04-29,19.53,0.015072765072765115,0.001444,20.81,-2,0.0014440000000000008
170,ARCC,2024-05-01,2024-04-30,19.53,0.015072765072765115,-0.009611,20.61,-1,-0.008180878284000048
171,ARCC,2024-05-01,2024-05-01,19.53,0.015072765072765115,0.011645,20.85,0,0.003368855388382608
172,ARCC,2024-05-01,2024-05-02,19.53,0.015072765072765115,-0.014868,20.54,1,-0.011549232753531813
173,ARCC,2024-05-01,2024-05-03,19.53,0.015072765072765115,0.003408,20.61,2,-0.008180592538755804
164,ARCC,2024-07-30,2024-07-29,19.61,0.004096262160778297,-0.002864,20.89,-1,-0.0028639999999999777
165,ARCC,2024-07-30,2024-07-30,19.61,0.004096262160778297,0.018669,21.28,0,0.015751531984000033
166,ARCC,2024-07-30,2024-07-31,19.61,0.004096262160778297,-0.015977,20.94,1,-0.00047713024250839453
167,ARCC,2024-07-30,2024-08-01,19.61,0.004096262160778297,-0.005253,20.83,2,-0.00572762387734449
168,ARCC,2024-07-30,2024-08-02,19.61,0.004096262160778297,-0.025924,20.29,3,-0.031503140955948195
159,ARCC,2024-10-30,2024-10-28,19.74,0.006629270780214025,0.004171,21.67,-2,0.004170999999999925
160,ARCC,2024-10-30,2024-10-29,19.74,0.006629270780214025,-0.004615,21.57,-1,-0.0004632491650000681
161,ARCC,2024-10-30,2024-10-30,19.74,0.006629270780214025,-0.010663,21.34,0,-0.01112130953915369
162,ARCC,2024-10-30,2024-10-31,19.74,0.006629270780214025,-0.009372,21.14,1,-0.020389080626152745
163,ARCC,2024-10-30,2024-11-01,19.74,0.006629270780214025,-0.006622,21.0,2,-0.02687606413424637
310,MAIN,2016-02-25,2016-02-22,21.24,-0.014842300556586308,0.010846,27.96,-3,0.010845999999999911
311,MAIN,2016-02-25,2016-02-23,21.24,-0.014842300556586308,-0.013233,27.59,-2,-0.0025305251180001154
312,MAIN,2016-02-25,2016-02-24,21.24,-0.014842300556586308,0.011236,27.9,-1,0.008677041901774096
313,MAIN,2016-02-25,2016-02-25,21.24,-0.014842300556586308,0.007885,28.12,0,0.01663046037716942
314,MAIN,2016-02-25,2016-02-26,21.24,-0.014842300556586308,0.025249,28.83,1,0.042299362871232704
305,MAIN,2016-05-05,2016-05-02,21.25,0.0004708097928438626,0.00032,31.23,-3,0.000320000000000098
306,MAIN,2016-05-05,2016-05-03,21.25,0.0004708097928438626,-0.003842,31.11,-2,-0.003523229439999942
307,MAIN,2016-05-05,2016-05-04,21.25,0.0004708097928438626,0.001929,31.17,-1,-0.0016010257495896463
308,MAIN,2016-05-05,2016-05-05,21.25,0.0004708097928438626,-0.009625,30.87,0,-0.011210615876749874
309,MAIN,2016-05-05,2016-05-06,21.25,0.0004708097928438626,0.020084,31.49,1,0.008648230113981414
300,MAIN,2016-08-04,2016-08-01,21.5,0.0117647058823529,-0.001794,33.39,-3,-0.0017939999999999623
301,MAIN,2016-08-04,2016-08-02,21.5,0.0117647058823529,-0.004193,33.25,-2,-0.005979477758000007
302,MAIN,2016-08-04,2016-08-03,21.5,0.0117647058823529,0.019248,33.89,-1,0.013153429254114002
303,MAIN,2016-08-04,2016-08-04,21.5,0.0117647058823529,0.000295,33.9,0,0.013452309515743943
304,MAIN,2016-08-04,2016-08-05,21.5,0.0117647058823529,0.002065,33.97,1,0.015545088534894003
295,MAIN,2016-11-03,2016-10-31,21.9,0.018604651162790642,-0.014391,33.56,-3,-0.014391000000000043
296,MAIN,2016-11-03,2016-11-01,21.9,0.018604651162790642,-0.007151,33.32,-2,-0.021439089959000013
297,MAIN,2016-11-03,2016-11-02,21.9,0.018604651162790642,-0.020108,32.65,-1,-0.0411159927381044
298,MAIN,2016-11-03,2016-11-03,21.9,0.018604651162790642,-0.012864,32.23,0,-0.053451076607521464
299,MAIN,2016-11-03,2016-11-04,21.9,0.018604651162790642,0.02327,32.98,1,-0.03142488316017855
291,MAIN,2017-02-23,2017-02-21,22.1,0.009132420091324311,0.005636,37.47,-2,0.005635999999999974
292,MAIN,2017-02-23,2017-02-22,22.1,0.009132420091324311,-0.001334,37.42,-1,0.004294481575999987
293,MAIN,2017-02-23,2017-02-23,22.1,0.009132420091324311,0.000267,37.43,0,0.0045626282025807985
294,MAIN,2017-02-23,2017-02-24,22.1,0.009132420091324311,0.001336,37.48,1,0.00590472387385943
286,MAIN,2017-05-04,2017-05-01,22.45,0.015837104072398134,0.002248,40.13,-3,0.0022480000000000278
287,MAIN,2017-05-04,2017-05-02,22.45,0.015837104072398134,0.005731,40.36,-2,0.007991883287999935
288,MAIN,2017-05-04,2017-05-03,22.45,0.015837104072398134,-0.009167,39.99,-1,-0.0012483783061012499
289,MAIN,2017-05-04,2017-05-04,22.45,0.015837104072398134,-0.016004,39.35,0,-0.017232399259690445
290,MAIN,2017-05-04,2017-05-05,22.45,0.015837104072398134,0.023634,40.28,1,0.00599433021620599
281,MAIN,2017-08-03,2017-07-31,22.85,0.017817371937639326,0.001551,38.75,-3,0.00155100000000008
282,MAIN,2017-08-03,2017-08-01,22.85,0.017817371937639326,0.002323,38.84,-2,0.003877602973000105
283,MAIN,2017-08-03,2017-08-02,22.85,0.017817371937639326,0.014418,39.4,-1,0.018351510252664793
284,MAIN,2017-08-03,2017-08-03,22.85,0.017817371937639326,-0.002538,39.3,0,0.015766934119643583
285,MAIN,2017-08-03,2017-08-04,22.85,0.017817371937639326,-0.001272,39.25,1,0.014474878579443295
276,MAIN,2017-11-02,2017-10-30,23.15,0.013129102844638751,0.003226,40.43,-3,0.003225999999999951
277,MAIN,2017-11-02,2017-10-31,23.15,0.013129102844638751,-0.006431,40.17,-2,-0.0032257464060000407
278,MAIN,2017-11-02,2017-11-01,23.15,0.013129102844638751,-0.00224,40.08,-1,-0.00545852073405062
279,MAIN,2017-11-02,2017-11-02,23.15,0.013129102844638751,0.000499,40.1,0,-0.004962244535896887
280,MAIN,2017-11-02,2017-11-03,23.15,0.013129102844638751,0.021446,40.96,1,0.016377335167786278
272,MAIN,2018-02-22,2018-02-20,23.53,0.016414686825054092,-0.011388,36.46,-2,-0.011387999999999954
273,MAIN,2018-02-22,2018-02-21,23.53,0.016414686825054092,-0.011794,35.84,-1,-0.02304768992799988
274,MAIN,2018-02-22,2018-02-22,23.53,0.016414686825054092,-0.003906,35.7,0,-0.026863665651141067
275,MAIN,2018-02-22,2018-02-23,23.53,0.016414686825054092,0.008964,36.02,1,-0.01814047155003795
267,MAIN,2018-05-03,2018-04-30,23.65,0.005099872503187219,0.001326,37.76,-3,0.0013259999999999383
268,MAIN,2018-05-03,2018-05-01,23.65,0.005099872503187219,-0.002648,37.66,-2,-0.0013255112480000664
269,MAIN,2018-05-03,2018-05-02,23.65,0.005099872503187219,-0.001062,37.62,-1,-0.0023861035550547527
270,MAIN,2018-05-03,2018-05-03,23.65,0.005099872503187219,0.005051,37.81,0,0.0026528442358886295
271,MAIN,2018-05-03,2018-05-04,23.65,0.005099872503187219,0.020101,38.57,1,0.022807169057874166
262,MAIN,2018-08-02,2018-07-30,23.95,0.012684989429175397,0.000763,39.37,-3,0.0007630000000000692
263,MAIN,2018-08-02,2018-07-31,23.95,0.012684989429175397,0.002032,39.45,-2,0.002796550416000132
264,MAIN,2018-08-02,2018-08-01,23.95,0.012684989429175397,0.003549,39.59,-1,0.006355475373426511
265,MAIN,2018-08-02,2018-08-02,23.95,0.012684989429175397,0.007325,39.88,0,0.013727029230536925
266,MAIN,2018-08-02,2018-08-03,23.95,0.012684989429175397,0.013541,40.42,1,0.027453906933347705
257,MAIN,2018-11-01,2018-10-29,24.71,0.03173277661795404,0.005537,36.32,-3,0.005536999999999903
258,MAIN,2018-11-01,2018-10-30,24.71,0.03173277661795404,0.011564,36.74,-2,0.017165029867999726
259,MAIN,2018-11-01,2018-10-31,24.71,0.03173277661795404,0.016059,37.33,-1,0.033499683082649945
260,MAIN,2018-11-01,2018-11-01,24.71,0.03173277661795404,0.003215,37.45,0,0.036822384563760524
261,MAIN,2018-11-01,2018-11-02,24.71,0.03173277661795404,-0.007477,37.17,1,0.02907006359437725
253,MAIN,2019-02-21,2019-02-19,24.09,-0.025091056252529387,0.021669,38.19,-2,0.02166899999999994
254,MAIN,2019-02-21,2019-02-20,24.09,-0.025091056252529387,0.011914,38.45,-1,0.03384116446599994
255,MAIN,2019-02-21,2019-02-21,24.09,-0.025091056252529387,0.005462,38.66,0,0.03948800490631332
256,MAIN,2019-02-21,2019-02-22,24.09,-0.025091056252529387,0.014227,39.21,1,0.054276800752115495
248,MAIN,2019-05-09,2019-05-06,24.2,0.004566210045662045,-0.000501,39.94,-3,-0.0005009999999999737
249,MAIN,2019-05-09,2019-05-07,24.2,0.004566210045662045,-0.00651,39.68,-2,-0.007007738490000026
250,MAIN,2019-05-09,2019-05-08,24.2,0.004566210045662045,-0.001764,39.61,-1,-0.008759376839303612
251,MAIN,2019-05-09,2019-05-09,24.2,0.004566210045662045,0.000505,39.63,0,-0.008258800324607463
252,MAIN,2019-05-09,2019-05-10,24.2,0.004566210045662045,0.021701,40.49,1,0.013262975449548131
243,MAIN,2019-08-08,2019-08-05,24.3,0.004132231404958775,-0.041032,40.9,-3,-0.04103199999999996
244,MAIN,2019-08-08,2019-08-06,24.3,0.004132231404958775,0.024694,41.91,-2,-0.01735124420799994
245,MAIN,2019-08-08,2019-08-07,24.3,0.004132231404958775,-0.004772,41.71,-1,-0.02204044407063932
246,MAIN,2019-08-08,2019-08-08,24.3,0.004132231404958775,0.023496,42.69,0,0.0009376936554768012
247,MAIN,2019-08-08,2019-08-09,24.3,0.004132231404958775,-0.02319,41.7,1,-0.02227405146039374
238,MAIN,2019-11-07,2019-11-04,23.46,-0.03456790123456788,0.00023,43.48,-3,0.00022999999999995246
239,MAIN,2019-11-07,2019-11-05,23.46,-0.03456790123456788,0.00299,43.61,-2,0.0032206877000000578
240,MAIN,2019-11-07,2019-11-06,23.46,-0.03456790123456788,-0.001376,43.55,-1,0.0018402560337247298
241,MAIN,2019-11-07,2019-11-07,23.46,-0.03456790123456788,-0.005281,43.32,0,-0.0034504623583893057
242,MAIN,2019-11-07,2019-11-08,23.46,-0.03456790123456788,-0.029778,42.03,1,-0.03312571449028112
233,MAIN,2020-02-27,2020-02-24,23.91,0.019181585677749302,-0.019639,43.43,-3,-0.019638999999999962
234,MAIN,2020-02-27,2020-02-25,23.91,0.019181585677749302,-0.096247,39.25,-2,-0.11399580516699992
235,MAIN,2020-02-27,2020-02-26,23.91,0.019181585677749302,0.022166,40.12,-1,-0.09435663618433177
236,MAIN,2020-02-27,2020-02-27,23.91,0.019181585677749302,-0.039382,38.54,0,-0.1300226831381205
237,MAIN,2020-02-27,2020-02-28,23.91,0.019181585677749302,-0.041775,36.93,1,-0.16636598555002546
228,MAIN,2020-05-07,2020-05-04,20.91,-0.12547051442910917,-0.035327,24.03,-3,-0.035327
229,MAIN,2020-05-07,2020-05-05,20.91,-0.12547051442910917,0.047441,25.17,-2,0.010438051793000058
230,MAIN,2020-05-07,2020-05-06,20.91,-0.12547051442910917,0.027811,25.87,-1,0.03853934445141527
231,MAIN,2020-05-07,2020-05-07,20.91,-0.12547051442910917,0.017781,26.33,0,0.05700561253510594
232,MAIN,2020-05-07,2020-05-08,20.91,-0.12547051442910917,0.022028,26.91,1,0.08028933216802914
223,MAIN,2020-08-06,2020-08-03,20.85,-0.0028694404591104172,-0.010558,29.99,-3,-0.010557999999999956
224,MAIN,2020-08-06,2020-08-04,20.85,-0.0028694404591104172,0.020674,30.61,-2,0.009897723908000033
225,MAIN,2020-08-06,2020-08-05,20.85,-0.0028694404591104172,0.014374,31.05,-1,0.024413993791453814
226,MAIN,2020-08-06,2020-08-06,20.85,-0.0028694404591104172,-0.002576,30.97,0,0.02177510334344701
227,MAIN,2020-08-06,2020-08-07,20.85,-0.0028694404591104172,0.03455,32.04,1,0.05707743316396319
218,MAIN,2020-11-05,2020-11-02,21.52,0.03213429256594713,0.029208,28.19,-3,0.0292079999999999
219,MAIN,2020-11-05,2020-11-03,21.52,0.03213429256594713,0.017027,28.67,-2,0.046732324615999854
220,MAIN,2020-11-05,2020-11-04,21.52,0.03213429256594713,0.003139,28.76,-1,0.050018017382969404
221,MAIN,2020-11-05,2020-11-05,21.52,0.03213429256594713,0.020515,29.35,0,0.07155913700958116
222,MAIN,2020-11-05,2020-11-06,21.52,0.03213429256594713,-0.020102,28.76,1,0.050018655237414666
213,MAIN,2021-02-25,2021-02-22,22.35,0.038568773234200826,0.017709,35.63,-3,0.017708999999999975
214,MAIN,2021-02-25,2021-02-23,22.35,0.038568773234200826,0.0,35.63,-2,0.017708999999999975
215,MAIN,2021-02-25,2021-02-24,22.35,0.038568773234200826,0.036205,36.92,-1,0.05455515434500002
216,MAIN,2021-02-25,2021-02-25,22.35,0.038568773234200826,-0.027492,35.7,0,0.025563324041747215
217,MAIN,2021-02-25,2021-02-26,22.35,0.038568773234200826,0.027451,36.68,1,0.053716062850017066
208,MAIN,2021-05-06,2021-05-03,22.65,0.01342281879194629,-0.004226,42.41,-3,-0.004225999999999952
209,MAIN,2021-05-06,2021-05-04,22.65,0.01342281879194629,-0.008253,42.06,-2,-0.012444122821999914
210,MAIN,2021-05-06,2021-05-05,22.65,0.01342281879194629,0.000476,42.08,-1,-0.011974046224463297
211,MAIN,2021-05-06,2021-05-06,22.65,0.01342281879194629,-0.011882,41.58,0,-0.023713770607224127
212,MAIN,2021-05-06,2021-05-07,22.65,0.01342281879194629,0.002164,41.67,1,-0.02160108720681808
203,MAIN,2021-08-05,2021-08-02,23.42,0.0339955849889626,0.003648,41.27,-3,0.0036480000000000956
204,MAIN,2021-08-05,2021-08-03,23.42,0.0339955849889626,0.008238,41.61,-2,0.011916052224000051
205,MAIN,2021-08-05,2021-08-04,23.42,0.0339955849889626,-0.005047,41.4,-1,0.006808911908425586
206,MAIN,2021-08-05,2021-08-05,23.42,0.0339955849889626,0.007005,41.69,0,0.013861608336344089
207,MAIN,2021-08-05,2021-08-06,23.42,0.0339955849889626,0.001199,41.74,1,0.015077228404739351
198,MAIN,2021-11-04,2021-11-01,24.27,0.03629376601195555,-0.008672,43.44,-3,-0.008672000000000013
199,MAIN,2021-11-04,2021-11-02,24.27,0.03629376601195555,0.008748,43.82,-2,1.3734399995080082e-07
200,MAIN,2021-11-04,2021-11-03,24.27,0.03629376601195555,-0.000456,43.8,-1,-0.0004558627186289632
201,MAIN,2021-11-04,2021-11-04,24.27,0.03629376601195555,0.002968,43.93,0,0.002510784280822298
202,MAIN,2021-11-04,2021-11-05,24.27,0.03629376601195555,0.036877,45.55,1,0.03948037447274633
194,MAIN,2022-02-24,2022-02-22,25.29,0.04202719406674915,-0.015392,42.22,-2,-0.015391999999999961
195,MAIN,2022-02-24,2022-02-23,25.29,0.04202719406674915,-0.006869,41.93,-1,-0.02215527235199999
196,MAIN,2022-02-24,2022-02-24,25.29,0.04202719406674915,-0.006201,41.67,0,-0.028218887508145274
197,MAIN,2022-02-24,2022-02-25,25.29,0.04202719406674915,0.033597,43.07,1,0.0044300425282437494
189,MAIN,2022-05-05,2022-05-02,25.89,0.023724792408066575,-0.020502,39.2,-3,-0.02050200000000002
190,MAIN,2022-05-05,2022-05-03,25.89,0.023724792408066575,0.030357,40.39,-2,0.009232620785999845
191,MAIN,2022-05-05,2022-05-04,25.89,0.023724792408066575,0.018817,41.15,-1,0.02822335101133011
192,MAIN,2022-05-05,2022-05-05,25.89,0.023724792408066575,-0.034994,39.71,0,-0.007758296933960351
193,MAIN,2022-05-05,2022-05-06,25.89,0.023724792408066575,0.020902,40.54,1,0.012981539143525955
184,MAIN,2022-08-04,2022-08-01,25.37,-0.02008497489378136,-0.006997,44.49,-3,-0.006997000000000031
185,MAIN,2022-08-04,2022-08-02,25.37,-0.02008497489378136,-0.003821,44.32,-2,-0.01079126446300005
186,MAIN,2022-08-04,2022-08-03,25.37,-0.02008497489378136,0.009477,44.74,-1,-0.0014165332763159677
187,MAIN,2022-08-04,2022-08-04,25.37,-0.02008497489378136,-0.008047,44.38,0,-0.009452134433041492
188,MAIN,2022-08-04,2022-08-05,25.37,-0.02008497489378136,0.020279,45.28,1,0.010635185732790875
179,MAIN,2022-11-03,2022-10-31,25.94,0.022467481277098855,0.001084,36.94,-3,0.001084000000000085
180,MAIN,2022-11-03,2022-11-01,25.94,0.022467481277098855,0.008392,37.25,-2,0.009485096928000036
181,MAIN,2022-11-03,2022-11-02,25.94,0.022467481277098855,0.001342,37.3,-1,0.010839825928077307
182,MAIN,2022-11-03,2022-11-03,25.94,0.022467481277098855,0.002413,37.39,0,0.013278982428041708
183,MAIN,2022-11-03,2022-11-04,25.94,0.022467481277098855,0.04306,39.0,1,0.05691077541139333
349,MAIN,2023-02-23,2023-02-21,26.86,0.03546646106399365,-0.02284,39.36,-2,-0.02283999999999997
350,MAIN,2023-02-23,2023-02-22,26.86,0.03546646106399365,0.011433,39.81,-1,-0.011668129719999976
351,MAIN,2023-02-23,2023-02-23,26.86,0.03546646106399365,0.009545,40.19,0,-0.002234502018177431
352,MAIN,2023-02-23,2023-02-24,26.86,0.03546646106399365,0.019906,40.99,1,0.01762701798464872
344,MAIN,2023-05-04,2023-05-01,27.23,0.013775130305286654,0.000247,40.53,-3,0.00024700000000010824
345,MAIN,2023-05-04,2023-05-02,27.23,0.013775130305286654,-0.004194,40.36,-2,-0.00394803591799997
346,MAIN,2023-05-04,2023-05-03,27.23,0.013775130305286654,0.006442,40.62,-1,0.0024685308346164003
347,MAIN,2023-05-04,2023-05-04,27.23,0.013775130305286654,-0.022157,39.72,0,-0.01974316440308621
348,MAIN,2023-05-04,2023-05-05,27.23,0.013775130305286654,0.021022,40.33,1,0.0008637947948322289
339,MAIN,2023-08-03,2023-07-31,27.69,0.016893132574366643,0.0,42.27,-3,0.0
340,MAIN,2023-08-03,2023-08-01,27.69,0.016893132574366643,-0.00071,42.24,-2,-0.0007099999999999884
341,MAIN,2023-08-03,2023-08-02,27.69,0.016893132574366643,0.005919,42.49,-1,0.0052047975100000254
342,MAIN,2023-08-03,2023-08-03,27.69,0.016893132574366643,0.005648,42.73,0,0.010882194206336626
343,MAIN,2023-08-03,2023-08-04,27.69,0.016893132574366643,-0.007255,42.42,1,0.0035482438873697397
334,MAIN,2023-11-02,2023-10-30,28.33,0.023113037197544095,0.003169,37.99,-3,0.0031689999999999774
335,MAIN,2023-11-02,2023-10-31,28.33,0.023113037197544095,0.003685,38.13,-2,0.006865677765000022
336,MAIN,2023-11-02,2023-11-01,28.33,0.023113037197544095,0.030685,39.3,-1,0.03776135108721923
337,MAIN,2023-11-02,2023-11-02,28.33,0.023113037197544095,0.022646,40.19,0,0.0612624946439404
338,MAIN,2023-11-02,2023-11-03,28.33,0.023113037197544095,0.012192,40.68,1,0.0742014069786392
330,MAIN,2024-02-22,2024-02-20,29.2,0.03070949523473354,0.0,44.88,-2,0.0
331,MAIN,2024-02-22,2024-02-21,29.2,0.03070949523473354,0.0,44.88,-1,0.0
332,MAIN,2024-02-22,2024-02-22,29.2,0.03070949523473354,0.019162,45.74,0,0.0191619999999999
333,MAIN,2024-02-22,2024-02-23,29.2,0.03070949523473354,-0.008527,45.35,1,0.010471605625999914
325,MAIN,2024-05-09,2024-05-06,29.54,0.011643835616438336,0.010125,50.88,-3,0.01012499999999994
326,MAIN,2024-05-09,2024-05-07,29.54,0.011643835616438336,0.001179,50.7,-2,0.01131593737500003
327,MAIN,2024-05-09,2024-05-08,29.54,0.011643835616438336,-0.001381,50.63,-1,0.009919310065485298
328,MAIN,2024-05-09,2024-05-09,29.54,0.011643835616438336,0.002568,50.76,0,0.012512782853733473
329,MAIN,2024-05-09,2024-05-10,29.54,0.011643835616438336,-0.026793,49.4,1,-0.01461547213726655
320,MAIN,2024-08-08,2024-08-05,29.8,0.008801624915369066,-0.046026,47.05,-3,-0.04602600000000001
321,MAIN,2024-08-08,2024-08-06,29.8,0.008801624915369066,0.042083,49.03,-2,-0.005879912157999878
322,MAIN,2024-08-08,2024-08-07,29.8,0.008801624915369066,-0.002447,48.91,-1,-0.00831252401294924
323,MAIN,2024-08-08,2024-08-08,29.8,0.008801624915369066,0.002556,48.79,0,-0.005777770824326289
324,MAIN,2024-08-08,2024-08-09,29.8,0.008801624915369066,-0.004509,48.57,1,-0.010260718855679363
315,MAIN,2024-11-07,2024-11-04,29.8,0.0,-0.01421,49.95,-3,-0.014210000000000056
316,MAIN,2024-11-07,2024-11-05,29.8,0.0,0.015015,50.7,-2,0.0005916368499998548
317,MAIN,2024-11-07,2024-11-06,29.8,0.0,0.016765,51.55,-1,0.017366555641790127
318,MAIN,2024-11-07,2024-11-07,29.8,0.0,0.003686,51.74,0,0.021116568765885857
319,MAIN,2024-11-07,2024-11-08,29.8,0.0,0.007248,51.87,1,0.028517621656301007
